{"cameraMode":{"drawMode":0,"name":"Shaded","section":"Shading Mode"},"sceneLighting":true,"audioPlay":false,"sceneViewState":{"m_AlwaysRefresh":false,"showFog":true,"showSkybox":true,"showFlares":true,"showImageEffects":true,"showParticleSystems":true,"showVisualEffectGraphs":true,"m_FxEnabled":true},"in2DMode":false,"pivot":{"x":4.268763542175293,"y":-11.022856712341309,"z":19.262176513671876},"rotation":{"x":-0.18048104643821717,"y":-0.059273019433021548,"z":0.010896717198193074,"w":-0.9817308783531189},"size":28.2950496673584,"orthographic":false}