{"cameraMode":{"drawMode":0,"name":"Shaded","section":"Shading Mode"},"sceneLighting":true,"audioPlay":false,"sceneViewState":{"m_AlwaysRefresh":false,"showFog":true,"showSkybox":true,"showFlares":true,"showImageEffects":true,"showParticleSystems":true,"showVisualEffectGraphs":true,"m_FxEnabled":true},"in2DMode":false,"pivot":{"x":-78.11314392089844,"y":9.466856956481934,"z":44.005977630615237},"rotation":{"x":0.045260462909936908,"y":0.4942917227745056,"z":0.025949351489543916,"w":-0.8678412437438965},"size":44.858150482177737,"orthographic":false}